{
  "best_params": {
    "lr": 0.001,
    "dropout_rate": 0.25,
    "f1": 16.0,
    "d": 4.0,
    "f2": 64.0,
    "mean_acc": 0.7430004409171076,
    "std_acc": 0.05646513170889004
  }
}